Iteration,Distance,Repeat
0,13.83895492553711,0
1000,16.07294464111328,0
2000,16.07294464111328,0
