Iteration,Distance,Repeat
0,25.222707748413086,0
1000,26.904159545898438,0
2000,26.904159545898438,0
3000,28.727447509765625,0
4000,29.996795654296875,0
5000,29.996795654296875,0
6000,32.373600006103516,0
7000,32.373600006103516,0
8000,32.373600006103516,0
9000,32.373600006103516,0
10000,32.373600006103516,0
11000,32.373600006103516,0
12000,34.63789749145508,0
