Iteration,Distance,Repeat
0,36.76664352416992,0
50,38.156463623046875,0
100,61.86609649658203,0
150,80.37644958496094,0
200,80.37644958496094,0
250,80.37644958496094,0
300,95.90161895751953,0
350,95.90161895751953,0
400,95.90161895751953,0
450,95.90161895751953,0
500,95.90161895751953,0
550,95.90161895751953,0
600,95.90161895751953,0
650,95.90161895751953,0
700,95.90161895751953,0
750,95.90161895751953,0
