Iteration,Distance,Repeat
0,32.13681411743164,0
1000,35.828330993652344,0
2000,63.55971908569336,0
