Iteration,Distance,Repeat
0,13.850598335266113,0
1000,14.802533149719238,0
2000,14.802533149719238,0
3000,14.802533149719238,0
4000,15.394011497497559,0
5000,15.394163131713867,0
6000,15.394163131713867,0
7000,15.394163131713867,0
8000,17.1096134185791,0
9000,17.109704971313477,0
10000,17.20844841003418,0
11000,17.48672103881836,0
12000,17.4868106842041,0
13000,17.4868106842041,0
