Iteration,Distance,Repeat
0,17.06117820739746,0
100,19.17625617980957,0
200,30.599334716796875,0
400,39.5169792175293,0
1000,44.325016021728516,0
1800,80.9767074584961,0
