Iteration,Distance,Repeat
0,37.65665054321289,0
10000,8102.9052734375,0
110000,27257.791015625,0
150000,31960.619140625,0
200000,82520.0078125,0
