Iteration,Distance,Repeat
0,3.9792776107788086,0
20,4.382871150970459,0
40,4.382871150970459,0
60,4.382871150970459,0
