Iteration,Distance,Repeat
0,30.665700912475586,0
1000,34.11223220825195,0
2000,40.350582122802734,0
3000,61.11683654785156,0
8000,135.62510681152344,0
12000,280.9931945800781,0
18000,16529.46484375,0
