Iteration,Distance,Repeat
0,40.52033233642578,0
10000,72.54569244384766,0
20000,73.51598358154297,0
30000,438.0694580078125,0
60000,39467.72265625,0
120000,51754.74609375,0
