Iteration,Distance,Repeat
0,52.06678009033203,0
100,83.70038604736328,0
200,83.70038604736328,0
