Iteration,Distance,Repeat
0,5.4338698387146,0
4,5.4338698387146,0
8,5.4338698387146,0
12,5.4338698387146,0
16,6.146982669830322,0
20,6.146982669830322,0
24,6.146982669830322,0
28,6.146982669830322,0
32,6.146982669830322,0
36,6.146982669830322,0
