Iteration,Distance,Repeat
0,30.357925415039062,0
1000,31.321870803833008,0
2000,143.04554748535156,0
