Iteration,Distance,Repeat
0,37.31313705444336,0
1000,42.579341888427734,0
2000,128.35629272460938,0
5000,1815.3466796875,0
7000,34580.3046875,0
