Iteration,Distance,Repeat
0,12.89759349822998,0
1000,12.89759349822998,0
2000,12.89759349822998,0
3000,12.89759349822998,0
4000,12.89759349822998,0
