Iteration,Distance,Repeat
0,0.38056817650794983,0
1000,0.38056817650794983,0
2000,0.4262566864490509,0
3000,0.4262566864490509,0
4000,0.4262566864490509,0
5000,0.4262566864490509,0
6000,0.4262566864490509,0
7000,0.4262566864490509,0
8000,0.4262566864490509,0
